customer_id,customer_name,age,gender,location
CUST0001,Reyansh Reddy,28,Female,Mumbai
CUST0002,Rohit Nair,46,Male,Chennai
CUST0003,Aadhya Chowdhury,43,Female,Mumbai
CUST0004,Aadhya Ghosh,42,Female,Mumbai
CUST0005,Reyansh Singh,60,Male,Mumbai
CUST0006,Reyansh Nair,20,Male,Delhi
CUST0007,Kavin Ghosh,28,Female,Chennai
CUST0008,Reyansh Das,50,Male,Bangalore
CUST0009,Kavin Das,44,Male,Mumbai
CUST0010,Reyansh Ghosh,32,Female,Hyderabad
CUST0011,Aarav Reddy,56,Male,Kolkata
CUST0012,Rohit Mehta,45,Male,Bangalore
CUST0013,Ananya Iyer,56,Male,Bangalore
CUST0014,Kavin Patel,29,Male,Kolkata
CUST0015,Saanvi Reddy,56,Female,Mumbai
CUST0016,Diya Iyer,20,Male,Mumbai
CUST0017,Kavin Iyer,31,Female,Kolkata
CUST0018,Saanvi Patel,57,Male,Bangalore
CUST0019,Ananya Mehta,21,Female,Kolkata
CUST0020,Ananya Mehta,24,Female,Bangalore
CUST0021,Diya Iyer,35,Male,Chennai
CUST0022,Saanvi Singh,28,Female,Mumbai
CUST0023,Reyansh Mehta,51,Female,Kolkata
CUST0024,Ishita Mehta,44,Male,Hyderabad
CUST0025,Aarav Chowdhury,23,Female,Kolkata
CUST0026,Reyansh Das,55,Female,Chennai
CUST0027,Saanvi Chowdhury,23,Male,Kolkata
CUST0028,Aadhya Iyer,41,Male,Bangalore
CUST0029,Saanvi Sharma,51,Male,Bangalore
CUST0030,Reyansh Patel,35,Female,Hyderabad
CUST0031,Aadhya Mehta,18,Female,Hyderabad
CUST0032,Vihaan Sharma,32,Female,Chennai
CUST0033,Kavin Singh,23,Female,Mumbai
CUST0034,Kavin Sharma,27,Male,Delhi
CUST0035,Ishita Chowdhury,25,Female,Bangalore
CUST0036,Rohit Chowdhury,40,Male,Hyderabad
CUST0037,Saanvi Chowdhury,25,Female,Delhi
CUST0038,Kavin Mehta,54,Male,Bangalore
CUST0039,Diya Mehta,27,Male,Delhi
CUST0040,Ishita Sharma,37,Male,Mumbai
CUST0041,Ananya Chowdhury,60,Male,Mumbai
CUST0042,Aadhya Iyer,49,Male,Delhi
CUST0043,Ananya Sharma,57,Male,Bangalore
CUST0044,Ananya Reddy,29,Male,Hyderabad
CUST0045,Vihaan Das,60,Male,Hyderabad
CUST0046,Aarav Das,43,Male,Kolkata
CUST0047,Kavin Iyer,49,Female,Hyderabad
CUST0048,Reyansh Mehta,27,Male,Kolkata
CUST0049,Vihaan Chowdhury,55,Female,Bangalore
CUST0050,Ishita Das,60,Male,Mumbai
CUST0051,Ananya Mehta,31,Male,Kolkata
CUST0052,Diya Singh,49,Male,Mumbai
CUST0053,Diya Ghosh,60,Female,Mumbai
CUST0054,Rohit Mehta,45,Female,Delhi
CUST0055,Reyansh Reddy,23,Male,Hyderabad
CUST0056,Vihaan Sharma,21,Female,Mumbai
CUST0057,Ishita Sharma,44,Female,Bangalore
CUST0058,Ishita Das,58,Male,Hyderabad
CUST0059,Saanvi Iyer,39,Male,Bangalore
CUST0060,Reyansh Sharma,47,Female,Bangalore
CUST0061,Aarav Sharma,24,Female,Hyderabad
CUST0062,Ananya Reddy,51,Male,Kolkata
CUST0063,Kavin Singh,41,Female,Chennai
CUST0064,Kavin Ghosh,33,Male,Chennai
CUST0065,Saanvi Mehta,53,Male,Bangalore
CUST0066,Kavin Singh,20,Male,Mumbai
CUST0067,Reyansh Patel,19,Female,Chennai
CUST0068,Kavin Iyer,26,Female,Delhi
CUST0069,Saanvi Patel,55,Female,Bangalore
CUST0070,Vihaan Ghosh,31,Male,Kolkata
CUST0071,Kavin Sharma,32,Female,Mumbai
CUST0072,Vihaan Ghosh,22,Female,Hyderabad
CUST0073,Saanvi Reddy,44,Male,Hyderabad
CUST0074,Aarav Ghosh,37,Male,Chennai
CUST0075,Diya Ghosh,57,Male,Bangalore
CUST0076,Kavin Ghosh,53,Female,Mumbai
CUST0077,Aadhya Patel,53,Male,Bangalore
CUST0078,Reyansh Das,28,Female,Chennai
CUST0079,Aadhya Singh,46,Female,Chennai
CUST0080,Aadhya Ghosh,29,Female,Chennai
CUST0081,Kavin Sharma,46,Male,Hyderabad
CUST0082,Rohit Reddy,34,Female,Delhi
CUST0083,Ishita Singh,23,Male,Bangalore
CUST0084,Reyansh Chowdhury,57,Female,Kolkata
CUST0085,Reyansh Iyer,29,Female,Bangalore
CUST0086,Rohit Mehta,22,Male,Mumbai
CUST0087,Ishita Ghosh,50,Female,Delhi
CUST0088,Vihaan Singh,22,Male,Chennai
CUST0089,Vihaan Nair,47,Male,Bangalore
CUST0090,Diya Reddy,30,Male,Kolkata
CUST0091,Kavin Ghosh,45,Male,Hyderabad
CUST0092,Diya Nair,25,Male,Chennai
CUST0093,Aadhya Das,59,Female,Chennai
CUST0094,Vihaan Das,23,Female,Kolkata
CUST0095,Saanvi Das,26,Male,Mumbai
CUST0096,Aarav Chowdhury,42,Female,Delhi
CUST0097,Ananya Singh,47,Male,Hyderabad
CUST0098,Ishita Singh,58,Male,Hyderabad
CUST0099,Reyansh Chowdhury,22,Male,Bangalore
CUST0100,Diya Patel,54,Male,Chennai
CUST0101,Diya Reddy,32,Female,Chennai
CUST0102,Diya Sharma,59,Female,Hyderabad
CUST0103,Kavin Chowdhury,41,Female,Chennai
CUST0104,Saanvi Sharma,49,Female,Kolkata
CUST0105,Ananya Nair,18,Female,Mumbai
CUST0106,Rohit Singh,32,Male,Hyderabad
CUST0107,Aadhya Reddy,28,Male,Delhi
CUST0108,Diya Nair,46,Female,Kolkata
CUST0109,Vihaan Das,34,Male,Bangalore
CUST0110,Kavin Sharma,42,Female,Kolkata
CUST0111,Vihaan Das,45,Female,Kolkata
CUST0112,Aadhya Nair,34,Female,Bangalore
CUST0113,Aarav Das,45,Male,Mumbai
CUST0114,Diya Chowdhury,30,Female,Chennai
CUST0115,Ishita Mehta,45,Male,Hyderabad
CUST0116,Ananya Sharma,38,Male,Bangalore
CUST0117,Ananya Nair,27,Male,Chennai
CUST0118,Rohit Singh,32,Male,Hyderabad
CUST0119,Vihaan Chowdhury,56,Female,Mumbai
CUST0120,Diya Nair,30,Male,Chennai
CUST0121,Diya Das,43,Male,Mumbai
CUST0122,Vihaan Nair,49,Female,Bangalore
CUST0123,Kavin Ghosh,34,Female,Hyderabad
CUST0124,Saanvi Mehta,53,Female,Kolkata
CUST0125,Aadhya Das,48,Male,Delhi
CUST0126,Rohit Ghosh,55,Female,Mumbai
CUST0127,Reyansh Patel,39,Male,Hyderabad
CUST0128,Aarav Ghosh,44,Male,Bangalore
CUST0129,Vihaan Sharma,56,Male,Bangalore
CUST0130,Reyansh Nair,50,Male,Bangalore
CUST0131,Aadhya Patel,30,Male,Delhi
CUST0132,Aarav Sharma,44,Female,Delhi
CUST0133,Ananya Iyer,53,Female,Hyderabad
CUST0134,Ishita Singh,22,Female,Chennai
CUST0135,Reyansh Ghosh,20,Male,Kolkata
CUST0136,Rohit Sharma,55,Female,Hyderabad
CUST0137,Diya Mehta,50,Female,Kolkata
CUST0138,Ishita Nair,20,Female,Bangalore
CUST0139,Kavin Mehta,60,Male,Hyderabad
CUST0140,Reyansh Singh,27,Male,Kolkata
CUST0141,Saanvi Sharma,59,Female,Chennai
CUST0142,Ananya Mehta,30,Female,Hyderabad
CUST0143,Ishita Das,54,Female,Chennai
CUST0144,Kavin Nair,32,Male,Bangalore
CUST0145,Rohit Patel,42,Female,Kolkata
CUST0146,Rohit Das,55,Male,Chennai
CUST0147,Kavin Ghosh,24,Female,Delhi
CUST0148,Diya Ghosh,26,Female,Kolkata
CUST0149,Ishita Mehta,39,Male,Bangalore
CUST0150,Aadhya Iyer,47,Female,Kolkata
CUST0151,Kavin Sharma,44,Male,Delhi
CUST0152,Aadhya Reddy,30,Male,Mumbai
CUST0153,Kavin Singh,28,Female,Delhi
CUST0154,Saanvi Das,43,Female,Chennai
CUST0155,Aadhya Das,35,Female,Mumbai
CUST0156,Ananya Ghosh,53,Male,Bangalore
CUST0157,Aadhya Reddy,19,Female,Kolkata
CUST0158,Aarav Nair,39,Female,Hyderabad
CUST0159,Diya Reddy,60,Male,Mumbai
CUST0160,Saanvi Mehta,56,Male,Mumbai
CUST0161,Aadhya Mehta,30,Male,Kolkata
CUST0162,Vihaan Sharma,20,Male,Hyderabad
CUST0163,Ananya Mehta,54,Male,Chennai
CUST0164,Ananya Mehta,50,Male,Mumbai
CUST0165,Vihaan Iyer,53,Male,Bangalore
CUST0166,Rohit Ghosh,35,Male,Hyderabad
CUST0167,Kavin Patel,59,Female,Hyderabad
CUST0168,Saanvi Chowdhury,55,Male,Chennai
CUST0169,Vihaan Iyer,56,Male,Kolkata
CUST0170,Diya Reddy,40,Female,Bangalore
CUST0171,Rohit Patel,56,Male,Bangalore
CUST0172,Ishita Singh,31,Male,Bangalore
CUST0173,Ishita Chowdhury,42,Male,Delhi
CUST0174,Reyansh Sharma,36,Male,Bangalore
CUST0175,Aarav Reddy,52,Female,Bangalore
CUST0176,Kavin Das,30,Male,Hyderabad
CUST0177,Rohit Singh,36,Female,Kolkata
CUST0178,Aarav Patel,22,Male,Hyderabad
CUST0179,Vihaan Patel,33,Female,Kolkata
CUST0180,Rohit Das,24,Female,Bangalore
CUST0181,Diya Iyer,39,Male,Chennai
CUST0182,Saanvi Reddy,20,Female,Kolkata
CUST0183,Aadhya Ghosh,55,Female,Delhi
CUST0184,Rohit Chowdhury,23,Female,Hyderabad
CUST0185,Aarav Chowdhury,56,Male,Mumbai
CUST0186,Vihaan Mehta,48,Female,Delhi
CUST0187,Rohit Sharma,44,Male,Kolkata
CUST0188,Kavin Nair,23,Female,Delhi
CUST0189,Rohit Das,31,Female,Chennai
CUST0190,Kavin Mehta,42,Female,Mumbai
CUST0191,Kavin Singh,26,Female,Kolkata
CUST0192,Ishita Iyer,29,Female,Hyderabad
CUST0193,Aadhya Ghosh,21,Female,Kolkata
CUST0194,Aadhya Sharma,46,Male,Mumbai
CUST0195,Rohit Sharma,28,Male,Bangalore
CUST0196,Reyansh Nair,36,Female,Chennai
CUST0197,Ananya Reddy,41,Male,Chennai
CUST0198,Ishita Ghosh,48,Female,Hyderabad
CUST0199,Ishita Iyer,50,Female,Hyderabad
CUST0200,Aadhya Patel,23,Male,Hyderabad
CUST0201,Ishita Mehta,33,Male,Mumbai
CUST0202,Kavin Das,55,Male,Hyderabad
CUST0203,Diya Nair,52,Male,Hyderabad
CUST0204,Aarav Patel,35,Female,Chennai
CUST0205,Vihaan Chowdhury,52,Female,Mumbai
CUST0206,Reyansh Ghosh,41,Female,Delhi
CUST0207,Kavin Reddy,26,Female,Mumbai
CUST0208,Reyansh Iyer,43,Female,Hyderabad
CUST0209,Reyansh Sharma,47,Female,Bangalore
CUST0210,Aadhya Ghosh,46,Female,Kolkata
CUST0211,Ishita Patel,42,Female,Mumbai
CUST0212,Kavin Mehta,21,Female,Bangalore
CUST0213,Diya Sharma,25,Male,Kolkata
CUST0214,Saanvi Das,38,Female,Mumbai
CUST0215,Saanvi Sharma,23,Male,Mumbai
CUST0216,Rohit Ghosh,31,Female,Kolkata
CUST0217,Ishita Chowdhury,22,Female,Delhi
CUST0218,Diya Reddy,50,Female,Kolkata
CUST0219,Aarav Iyer,57,Male,Kolkata
CUST0220,Ishita Sharma,51,Male,Kolkata
CUST0221,Aarav Reddy,57,Male,Mumbai
CUST0222,Diya Singh,44,Female,Hyderabad
CUST0223,Saanvi Nair,31,Male,Delhi
CUST0224,Reyansh Patel,57,Female,Hyderabad
CUST0225,Diya Ghosh,59,Male,Delhi
CUST0226,Kavin Sharma,27,Female,Delhi
CUST0227,Reyansh Das,36,Male,Chennai
CUST0228,Aarav Reddy,35,Female,Delhi
CUST0229,Rohit Ghosh,56,Female,Kolkata
CUST0230,Aarav Sharma,51,Male,Delhi
CUST0231,Aadhya Nair,39,Female,Chennai
CUST0232,Aadhya Chowdhury,43,Female,Hyderabad
CUST0233,Ananya Singh,56,Male,Delhi
CUST0234,Saanvi Patel,21,Male,Kolkata
CUST0235,Saanvi Nair,38,Male,Hyderabad
CUST0236,Kavin Das,50,Female,Delhi
CUST0237,Reyansh Das,19,Male,Chennai
CUST0238,Saanvi Nair,25,Female,Delhi
CUST0239,Aadhya Ghosh,32,Male,Mumbai
CUST0240,Saanvi Nair,32,Male,Delhi
CUST0241,Saanvi Mehta,31,Female,Delhi
CUST0242,Diya Chowdhury,31,Male,Bangalore
CUST0243,Reyansh Ghosh,46,Female,Chennai
CUST0244,Diya Mehta,20,Male,Chennai
CUST0245,Aarav Reddy,41,Female,Chennai
CUST0246,Saanvi Singh,38,Female,Kolkata
CUST0247,Ananya Patel,18,Male,Hyderabad
CUST0248,Aarav Reddy,45,Female,Hyderabad
CUST0249,Aadhya Nair,38,Female,Chennai
CUST0250,Rohit Ghosh,27,Male,Mumbai
CUST0251,Saanvi Chowdhury,49,Male,Delhi
CUST0252,Diya Mehta,25,Female,Kolkata
CUST0253,Ananya Patel,40,Male,Mumbai
CUST0254,Rohit Patel,22,Male,Chennai
CUST0255,Vihaan Mehta,44,Male,Delhi
CUST0256,Rohit Ghosh,22,Male,Hyderabad
CUST0257,Kavin Sharma,23,Female,Hyderabad
CUST0258,Kavin Patel,56,Female,Kolkata
CUST0259,Ishita Reddy,49,Male,Chennai
CUST0260,Aadhya Mehta,34,Female,Mumbai
CUST0261,Ishita Patel,54,Male,Hyderabad
CUST0262,Kavin Patel,30,Female,Delhi
CUST0263,Reyansh Das,42,Female,Chennai
CUST0264,Rohit Sharma,37,Female,Kolkata
CUST0265,Ananya Sharma,58,Female,Delhi
CUST0266,Saanvi Das,25,Female,Delhi
CUST0267,Aadhya Singh,33,Female,Mumbai
CUST0268,Rohit Singh,55,Male,Chennai
CUST0269,Rohit Sharma,38,Female,Mumbai
CUST0270,Rohit Mehta,50,Male,Delhi
CUST0271,Kavin Iyer,45,Female,Chennai
CUST0272,Aadhya Singh,37,Male,Delhi
CUST0273,Ananya Mehta,44,Male,Chennai
CUST0274,Aarav Chowdhury,28,Female,Hyderabad
CUST0275,Reyansh Sharma,34,Male,Hyderabad
CUST0276,Diya Mehta,40,Female,Bangalore
CUST0277,Ananya Reddy,20,Male,Chennai
CUST0278,Rohit Das,37,Female,Kolkata
CUST0279,Diya Iyer,20,Male,Delhi
CUST0280,Aarav Singh,37,Female,Bangalore
CUST0281,Vihaan Sharma,52,Female,Delhi
CUST0282,Diya Das,54,Male,Bangalore
CUST0283,Vihaan Mehta,18,Male,Bangalore
CUST0284,Reyansh Singh,39,Male,Hyderabad
CUST0285,Saanvi Mehta,24,Female,Hyderabad
CUST0286,Kavin Chowdhury,54,Female,Kolkata
CUST0287,Vihaan Mehta,35,Female,Delhi
CUST0288,Ishita Singh,28,Female,Kolkata
CUST0289,Vihaan Patel,22,Female,Chennai
CUST0290,Ananya Iyer,59,Female,Hyderabad
CUST0291,Ishita Sharma,40,Female,Hyderabad
CUST0292,Ishita Sharma,46,Male,Kolkata
CUST0293,Diya Chowdhury,59,Male,Mumbai
CUST0294,Vihaan Chowdhury,23,Female,Kolkata
CUST0295,Diya Nair,35,Female,Mumbai
CUST0296,Kavin Nair,20,Female,Mumbai
CUST0297,Saanvi Nair,37,Male,Chennai
CUST0298,Saanvi Ghosh,44,Male,Kolkata
CUST0299,Kavin Mehta,41,Male,Delhi
CUST0300,Rohit Nair,25,Female,Bangalore
CUST0301,Saanvi Patel,58,Male,Chennai
CUST0302,Rohit Chowdhury,48,Male,Hyderabad
CUST0303,Ananya Das,42,Female,Bangalore
CUST0304,Ananya Singh,22,Male,Mumbai
CUST0305,Rohit Mehta,58,Female,Mumbai
CUST0306,Reyansh Singh,58,Female,Chennai
CUST0307,Aadhya Reddy,50,Male,Chennai
CUST0308,Kavin Nair,50,Female,Mumbai
CUST0309,Rohit Patel,49,Male,Hyderabad
CUST0310,Saanvi Ghosh,39,Female,Bangalore
CUST0311,Diya Mehta,45,Female,Mumbai
CUST0312,Reyansh Iyer,51,Female,Hyderabad
CUST0313,Vihaan Nair,50,Female,Hyderabad
CUST0314,Diya Das,25,Male,Mumbai
CUST0315,Aarav Reddy,50,Female,Hyderabad
CUST0316,Ananya Das,27,Male,Kolkata
CUST0317,Ananya Reddy,43,Female,Kolkata
CUST0318,Ananya Chowdhury,30,Female,Kolkata
CUST0319,Ishita Iyer,24,Female,Delhi
CUST0320,Ishita Chowdhury,52,Male,Hyderabad
CUST0321,Ananya Reddy,39,Female,Kolkata
CUST0322,Vihaan Iyer,40,Female,Bangalore
CUST0323,Kavin Chowdhury,19,Female,Bangalore
CUST0324,Ananya Mehta,33,Male,Chennai
CUST0325,Rohit Das,30,Female,Kolkata
CUST0326,Ishita Reddy,48,Female,Kolkata
CUST0327,Ananya Patel,51,Female,Kolkata
CUST0328,Kavin Chowdhury,60,Female,Chennai
CUST0329,Saanvi Ghosh,31,Female,Kolkata
CUST0330,Aarav Mehta,51,Male,Delhi
CUST0331,Vihaan Chowdhury,44,Female,Kolkata
CUST0332,Vihaan Ghosh,21,Male,Chennai
CUST0333,Rohit Nair,24,Male,Mumbai
CUST0334,Saanvi Das,38,Male,Delhi
CUST0335,Kavin Das,25,Male,Mumbai
CUST0336,Rohit Nair,52,Female,Delhi
CUST0337,Kavin Ghosh,21,Male,Delhi
CUST0338,Ananya Iyer,39,Female,Bangalore
CUST0339,Diya Sharma,32,Female,Delhi
CUST0340,Ishita Mehta,23,Male,Mumbai
CUST0341,Aadhya Nair,22,Female,Bangalore
CUST0342,Reyansh Chowdhury,52,Male,Hyderabad
CUST0343,Ananya Nair,60,Female,Kolkata
CUST0344,Diya Sharma,57,Male,Chennai
CUST0345,Ananya Mehta,51,Female,Bangalore
CUST0346,Ishita Iyer,50,Female,Mumbai
CUST0347,Ishita Mehta,36,Male,Hyderabad
CUST0348,Reyansh Ghosh,40,Male,Hyderabad
CUST0349,Ishita Ghosh,38,Male,Bangalore
CUST0350,Vihaan Patel,18,Male,Chennai
CUST0351,Ananya Das,19,Female,Bangalore
CUST0352,Kavin Sharma,31,Female,Mumbai
CUST0353,Saanvi Chowdhury,56,Female,Bangalore
CUST0354,Ananya Chowdhury,22,Male,Kolkata
CUST0355,Ishita Ghosh,35,Female,Kolkata
CUST0356,Aadhya Patel,52,Male,Bangalore
CUST0357,Aarav Sharma,60,Male,Mumbai
CUST0358,Ishita Nair,52,Female,Chennai
CUST0359,Ishita Patel,39,Male,Hyderabad
CUST0360,Rohit Nair,51,Male,Bangalore
CUST0361,Vihaan Reddy,51,Female,Mumbai
CUST0362,Ishita Mehta,55,Male,Chennai
CUST0363,Aarav Mehta,55,Male,Mumbai
CUST0364,Vihaan Iyer,37,Female,Delhi
CUST0365,Reyansh Das,31,Male,Bangalore
CUST0366,Reyansh Iyer,40,Female,Delhi
CUST0367,Vihaan Mehta,52,Female,Mumbai
CUST0368,Rohit Reddy,20,Female,Mumbai
CUST0369,Vihaan Patel,35,Female,Delhi
CUST0370,Saanvi Patel,55,Male,Bangalore
CUST0371,Ananya Mehta,41,Female,Mumbai
CUST0372,Diya Singh,39,Female,Delhi
CUST0373,Aarav Mehta,20,Female,Hyderabad
CUST0374,Ananya Nair,24,Female,Bangalore
CUST0375,Reyansh Nair,51,Male,Bangalore
CUST0376,Vihaan Sharma,40,Male,Kolkata
CUST0377,Rohit Reddy,34,Male,Kolkata
CUST0378,Saanvi Das,40,Male,Chennai
CUST0379,Vihaan Ghosh,22,Female,Mumbai
CUST0380,Kavin Mehta,56,Male,Bangalore
CUST0381,Rohit Das,54,Male,Bangalore
CUST0382,Ananya Reddy,38,Male,Mumbai
CUST0383,Aarav Mehta,51,Male,Bangalore
CUST0384,Diya Sharma,27,Female,Chennai
CUST0385,Ishita Sharma,42,Male,Kolkata
CUST0386,Rohit Iyer,48,Female,Bangalore
CUST0387,Aadhya Patel,28,Male,Bangalore
CUST0388,Vihaan Das,38,Female,Bangalore
CUST0389,Saanvi Sharma,39,Female,Mumbai
CUST0390,Reyansh Reddy,19,Male,Mumbai
CUST0391,Aadhya Singh,22,Female,Kolkata
CUST0392,Ananya Iyer,37,Male,Hyderabad
CUST0393,Diya Iyer,56,Female,Chennai
CUST0394,Aarav Reddy,58,Male,Mumbai
CUST0395,Reyansh Singh,52,Female,Chennai
CUST0396,Ananya Iyer,55,Male,Mumbai
CUST0397,Diya Iyer,49,Male,Mumbai
CUST0398,Kavin Das,24,Male,Mumbai
CUST0399,Reyansh Sharma,48,Female,Bangalore
CUST0400,Rohit Mehta,41,Female,Delhi
CUST0401,Ishita Sharma,49,Female,Mumbai
CUST0402,Ishita Patel,23,Female,Bangalore
CUST0403,Vihaan Iyer,51,Male,Delhi
CUST0404,Vihaan Reddy,36,Female,Chennai
CUST0405,Reyansh Chowdhury,32,Male,Delhi
CUST0406,Reyansh Patel,45,Female,Mumbai
CUST0407,Aadhya Ghosh,31,Male,Chennai
CUST0408,Ishita Iyer,54,Male,Chennai
CUST0409,Reyansh Iyer,58,Male,Bangalore
CUST0410,Ananya Ghosh,18,Female,Mumbai
CUST0411,Kavin Reddy,47,Female,Bangalore
CUST0412,Ishita Singh,44,Male,Delhi
CUST0413,Ananya Das,24,Male,Hyderabad
CUST0414,Kavin Sharma,56,Female,Delhi
CUST0415,Ishita Reddy,50,Female,Delhi
CUST0416,Rohit Nair,37,Female,Chennai
CUST0417,Vihaan Ghosh,26,Male,Mumbai
CUST0418,Vihaan Das,40,Male,Chennai
CUST0419,Aarav Das,35,Male,Bangalore
CUST0420,Ananya Ghosh,22,Female,Hyderabad
CUST0421,Diya Iyer,30,Female,Hyderabad
CUST0422,Ishita Patel,58,Female,Chennai
CUST0423,Aadhya Das,56,Male,Mumbai
CUST0424,Reyansh Patel,50,Male,Bangalore
CUST0425,Diya Patel,40,Male,Chennai
CUST0426,Diya Sharma,29,Female,Chennai
CUST0427,Reyansh Das,33,Male,Mumbai
CUST0428,Saanvi Ghosh,41,Male,Delhi
CUST0429,Reyansh Patel,38,Male,Mumbai
CUST0430,Ishita Chowdhury,25,Male,Hyderabad
CUST0431,Reyansh Sharma,54,Female,Chennai
CUST0432,Aadhya Singh,55,Female,Kolkata
CUST0433,Aarav Mehta,27,Male,Mumbai
CUST0434,Kavin Sharma,37,Male,Kolkata
CUST0435,Rohit Singh,58,Male,Hyderabad
CUST0436,Ishita Mehta,45,Female,Mumbai
CUST0437,Reyansh Singh,51,Female,Bangalore
CUST0438,Saanvi Reddy,31,Male,Mumbai
CUST0439,Ananya Sharma,24,Male,Kolkata
CUST0440,Reyansh Chowdhury,60,Female,Bangalore
CUST0441,Ishita Iyer,41,Female,Hyderabad
CUST0442,Aadhya Patel,52,Female,Chennai
CUST0443,Kavin Sharma,40,Female,Hyderabad
CUST0444,Aadhya Ghosh,28,Male,Delhi
CUST0445,Vihaan Iyer,28,Female,Bangalore
CUST0446,Diya Reddy,46,Female,Bangalore
CUST0447,Reyansh Singh,59,Female,Chennai
CUST0448,Saanvi Nair,52,Male,Kolkata
CUST0449,Diya Nair,20,Male,Bangalore
CUST0450,Ananya Reddy,49,Female,Chennai
CUST0451,Kavin Ghosh,34,Male,Bangalore
CUST0452,Aarav Sharma,31,Female,Mumbai
CUST0453,Reyansh Sharma,32,Female,Chennai
CUST0454,Aadhya Ghosh,19,Female,Chennai
CUST0455,Rohit Patel,44,Female,Mumbai
CUST0456,Rohit Iyer,25,Female,Kolkata
CUST0457,Aadhya Chowdhury,60,Female,Kolkata
CUST0458,Kavin Nair,36,Male,Delhi
CUST0459,Diya Ghosh,31,Female,Hyderabad
CUST0460,Ananya Ghosh,31,Male,Mumbai
CUST0461,Diya Singh,26,Female,Delhi
CUST0462,Aarav Das,36,Male,Delhi
CUST0463,Vihaan Mehta,42,Female,Bangalore
CUST0464,Diya Iyer,22,Female,Kolkata
CUST0465,Aarav Singh,32,Male,Chennai
CUST0466,Aadhya Ghosh,34,Female,Hyderabad
CUST0467,Ishita Chowdhury,23,Male,Chennai
CUST0468,Aarav Das,49,Female,Bangalore
CUST0469,Diya Iyer,28,Male,Chennai
CUST0470,Diya Ghosh,32,Female,Kolkata
CUST0471,Aarav Chowdhury,56,Female,Chennai
CUST0472,Ishita Mehta,55,Female,Bangalore
CUST0473,Aarav Ghosh,27,Male,Bangalore
CUST0474,Rohit Sharma,41,Male,Hyderabad
CUST0475,Aarav Sharma,46,Male,Hyderabad
CUST0476,Rohit Chowdhury,60,Male,Kolkata
CUST0477,Reyansh Iyer,31,Female,Hyderabad
CUST0478,Reyansh Iyer,19,Female,Hyderabad
CUST0479,Aadhya Singh,46,Female,Mumbai
CUST0480,Kavin Nair,45,Female,Hyderabad
CUST0481,Reyansh Nair,20,Male,Delhi
CUST0482,Reyansh Chowdhury,46,Female,Kolkata
CUST0483,Ananya Patel,41,Male,Mumbai
CUST0484,Saanvi Das,42,Male,Delhi
CUST0485,Ananya Ghosh,35,Male,Hyderabad
CUST0486,Kavin Reddy,46,Female,Chennai
CUST0487,Aarav Chowdhury,43,Female,Chennai
CUST0488,Vihaan Singh,24,Male,Mumbai
CUST0489,Saanvi Iyer,19,Female,Chennai
CUST0490,Ishita Iyer,48,Male,Hyderabad
CUST0491,Kavin Sharma,26,Male,Chennai
CUST0492,Saanvi Singh,53,Female,Mumbai
CUST0493,Ishita Ghosh,48,Male,Hyderabad
CUST0494,Kavin Reddy,31,Male,Mumbai
CUST0495,Diya Chowdhury,35,Male,Bangalore
CUST0496,Diya Mehta,59,Female,Bangalore
CUST0497,Rohit Iyer,19,Female,Chennai
CUST0498,Diya Nair,59,Female,Chennai
CUST0499,Aadhya Nair,54,Female,Kolkata
CUST0500,Rohit Das,29,Female,Hyderabad
